timestamp,q0,q1,q2,q3,q4,q5
8.17,-1.6006999999999998,-1.7271,-2.2029999999999994,-0.8079999999999998,1.5951,-0.030999999999999694
8.18,-1.6006999999999998,-1.7271,-2.2029999999999994,-0.8079999999999998,1.5951,-0.030999999999999694
8.187999999999999,-1.6006999999999998,-1.7271,-2.2029999999999994,-0.8079999999999998,1.5951,-0.030999999999999694
8.198,-1.6006999999999998,-1.7271,-2.2029999999999994,-0.8079999999999998,1.5951,-0.030999999999999694
8.208,-1.6006999999999998,-1.7271,-2.2029999999999994,-0.8079999999999998,1.5951,-0.030999999999999694
8.218,-1.6006999999999998,-1.7271,-2.2029999999999994,-0.8079999999999998,1.5951,-0.030999999999999694
8.228,-1.6006999999999998,-1.7271,-2.2029999999999994,-0.8079999999999998,1.5951,-0.030999999999999694
8.238,-1.6006999999999998,-1.7271,-2.2029999999999994,-0.8079999999999998,1.5951,-0.030999999999999694
8.248,-1.6006999999999998,-1.7271,-2.2029999999999994,-0.8079999999999998,1.5951,-0.030999999999999694
8.258,-1.6006999999999998,-1.7271,-2.2029999999999994,-0.8079999999999998,1.5951,-0.030999999999999694
8.267999999999999,-1.6006999999999998,-1.7271,-2.2029999999999994,-0.8079999999999998,1.5951,-0.030999999999999694
8.276,-1.6006999999999998,-1.7271,-2.2029999999999994,-0.8079999999999998,1.5951,-0.030999999999999694
8.286,-1.6006999999999998,-1.7271,-2.2029999999999994,-0.8079999999999998,1.5951,-0.030999999999999694
8.296,-1.6006999999999998,-1.7271,-2.2029999999999994,-0.8079999999999998,1.5951,-0.030999999999999694
8.306,-1.6006999999999998,-1.7271,-2.2029999999999994,-0.8079999999999998,1.5951,-0.030999999999999694
8.315999999999999,-1.6006999999999998,-1.7271,-2.2029999999999994,-0.8079999999999998,1.5951,-0.030999999999999694
8.325999999999999,-1.6006999999999998,-1.7271,-2.2029999999999994,-0.8079999999999998,1.5951,-0.030999999999999694
8.336,-1.6006999999999998,-1.7271,-2.2029999999999994,-0.8079999999999998,1.5951,-0.030999999999999694
8.346,-1.6006999999999998,-1.7271,-2.2029999999999994,-0.8079999999999998,1.5951,-0.030999999999999694
8.356,-1.6006999999999998,-1.7271,-2.2029999999999994,-0.8079999999999998,1.5951,-0.030999999999999694
8.363999999999999,-1.6006999999999998,-1.7271,-2.2029999999999994,-0.8079999999999998,1.5951,-0.030999999999999694
8.373999999999999,-1.6006999999999998,-1.7271,-2.2029999999999994,-0.8079999999999998,1.5951,-0.030999999999999694
8.384,-1.6006999999999998,-1.7271,-2.2029999999999994,-0.8079999999999998,1.5951,-0.030999999999999694
8.394,-1.6006999999999998,-1.7271,-2.2029999999999994,-0.8079999999999998,1.5951,-0.030999999999999694
8.404,-1.6006999999999998,-1.7271,-2.2029999999999994,-0.8079999999999998,1.5951,-0.030999999999999694
8.414,-1.6006999999999998,-1.7271,-2.2029999999999994,-0.8079999999999998,1.5951,-0.030999999999999694
8.424,-1.6006999999999998,-1.7271,-2.2029999999999994,-0.8079999999999998,1.5951,-0.030999999999999694
8.434,-1.6006999999999998,-1.7271,-2.2029999999999994,-0.8079999999999998,1.5951,-0.030999999999999694
8.443999999999999,-1.6006999999999998,-1.7271,-2.2029999999999994,-0.8079999999999998,1.5951,-0.030999999999999694
8.453999999999999,-1.6006999999999998,-1.7271,-2.2029999999999994,-0.8079999999999998,1.5951,-0.030999999999999694
8.464,-1.6006999999999998,-1.7271,-2.2029999999999994,-0.8079999999999998,1.5951,-0.030999999999999694
8.472,-1.6006999999999998,-1.7271,-2.2029999999999994,-0.8079999999999998,1.5951,-0.030999999999999694
8.482,-1.6006999999999998,-1.7271,-2.2029999999999994,-0.8079999999999998,1.5951,-0.030999999999999694
8.491999999999999,-1.6006999999999998,-1.7271,-2.2029999999999994,-0.8079999999999998,1.5951,-0.030999999999999694
8.501999999999999,-1.6006999999999998,-1.7271,-2.2029999999999994,-0.8079999999999998,1.5951,-0.030999999999999694
8.512,-1.6006999999999998,-1.7271,-2.2029999999999994,-0.8079999999999998,1.5951,-0.030999999999999694
8.522,-1.6006999999999998,-1.7271,-2.2029999999999994,-0.8079999999999998,1.5951,-0.030999999999999694
8.532,-1.6006999999999998,-1.7271,-2.2029999999999994,-0.8079999999999998,1.5951,-0.030999999999999694
8.542,-1.6006999999999998,-1.7271,-2.2029999999999994,-0.8079999999999998,1.5951,-0.030999999999999694
8.552,-1.6006999999999998,-1.7271,-2.2029999999999994,-0.8079999999999998,1.5951,-0.030999999999999694
8.562,-1.6006999999999998,-1.7271,-2.2029999999999994,-0.8079999999999998,1.5951,-0.030999999999999694
8.57,-1.6006999999999998,-1.7271,-2.2029999999999994,-0.8079999999999998,1.5951,-0.030999999999999694
8.58,-1.6006999999999998,-1.7271,-2.2029999999999994,-0.8079999999999998,1.5951,-0.030999999999999694
8.59,-1.6006999999999998,-1.7271,-2.2029999999999994,-0.8079999999999998,1.5951,-0.030999999999999694
8.6,-1.6006999999999998,-1.7271,-2.2029999999999994,-0.8079999999999998,1.5951,-0.030999999999999694
8.61,-1.6006999999999998,-1.7271,-2.2029999999999994,-0.8079999999999998,1.5951,-0.030999999999999694
8.62,-1.6006999999999998,-1.7271,-2.2029999999999994,-0.8079999999999998,1.5951,-0.030999999999999694
8.629999999999999,-1.6006999999999998,-1.7271,-2.2029999999999994,-0.8079999999999998,1.5951,-0.030999999999999694
8.638,-1.6006999999999998,-1.7271,-2.2029999999999994,-0.8079999999999998,1.5951,-0.030999999999999694
8.648,-1.6006999999999998,-1.7271,-2.2029999999999994,-0.8079999999999998,1.5951,-0.030999999999999694
8.658,-1.6006999999999998,-1.7271,-2.2029999999999994,-0.8079999999999998,1.5951,-0.030999999999999694
8.668,-1.6006999999999998,-1.7271,-2.2029999999999994,-0.8079999999999998,1.5951,-0.030999999999999694
8.677999999999999,-1.6006999999999998,-1.7271,-2.2029999999999994,-0.8079999999999998,1.5951,-0.030999999999999694
8.687999999999999,-1.6006999999999998,-1.7271,-2.2029999999999994,-0.8079999999999998,1.5951,-0.030999999999999694
8.698,-1.6006999999999998,-1.7271,-2.2029999999999994,-0.8079999999999998,1.5951,-0.030999999999999694
8.708,-1.6006999999999998,-1.7271,-2.2029999999999994,-0.8079999999999998,1.5951,-0.030999999999999694
8.718,-1.6006999999999998,-1.7271,-2.2029999999999994,-0.8079999999999998,1.5951,-0.030999999999999694
8.728,-1.6006999999999998,-1.7271,-2.2029999999999994,-0.8079999999999998,1.5951,-0.030999999999999694
8.738,-1.6006999999999998,-1.7271,-2.2029999999999994,-0.8079999999999998,1.5951,-0.030999999999999694
8.748,-1.6006999999999998,-1.7271,-2.2029999999999994,-0.8079999999999998,1.5951,-0.030999999999999694
8.756,-1.6006999999999998,-1.7271,-2.2029999999999994,-0.8079999999999998,1.5951,-0.030999999999999694
8.766,-1.6006999999999998,-1.7271,-2.2029999999999994,-0.8079999999999998,1.5951,-0.030999999999999694
8.776,-1.6006999999999998,-1.7271,-2.2029999999999994,-0.8079999999999998,1.5951,-0.030999999999999694
8.786,-1.6006999999999998,-1.7271,-2.2029999999999994,-0.8079999999999998,1.5951,-0.030999999999999694
8.796,-1.6006999999999998,-1.7271,-2.2029999999999994,-0.8079999999999998,1.5951,-0.030999999999999694
8.806,-1.6006999999999998,-1.7271,-2.2029999999999994,-0.8079999999999998,1.5951,-0.030999999999999694
8.815999999999999,-1.6006999999999998,-1.7271,-2.2029999999999994,-0.8079999999999998,1.5951,-0.030999999999999694
8.825999999999999,-1.6006999999999998,-1.7271,-2.2029999999999994,-0.8079999999999998,1.5951,-0.030999999999999694
8.834,-1.6006999999999998,-1.7271,-2.2029999999999994,-0.8079999999999998,1.5951,-0.030999999999999694
8.844,-1.6006999999999998,-1.7271,-2.2029999999999994,-0.8079999999999998,1.5951,-0.030999999999999694
8.854,-1.6006999999999998,-1.7271,-2.2029999999999994,-0.8079999999999998,1.5951,-0.030999999999999694
8.863999999999999,-1.6006999999999998,-1.7271,-2.2029999999999994,-0.8079999999999998,1.5951,-0.030999999999999694
8.873999999999999,-1.6006999999999998,-1.7271,-2.2029999999999994,-0.8079999999999998,1.5951,-0.030999999999999694
8.884,-1.6006999999999998,-1.7271,-2.2029999999999994,-0.8079999999999998,1.5951,-0.030999999999999694
8.894,-1.6006999999999998,-1.7271,-2.2029999999999994,-0.8079999999999998,1.5951,-0.030999999999999694
8.904,-1.6006999999999998,-1.7271,-2.2029999999999994,-0.8079999999999998,1.5951,-0.030999999999999694
8.914,-1.6006999999999998,-1.7271,-2.2029999999999994,-0.8079999999999998,1.5951,-0.030999999999999694
8.921999999999999,-1.6006999999999998,-1.7271,-2.2029999999999994,-0.8079999999999998,1.5951,-0.030999999999999694
8.932,-1.6006999999999998,-1.7271,-2.2029999999999994,-0.8079999999999998,1.5951,-0.030999999999999694
8.942,-1.6006999999999998,-1.7271,-2.2029999999999994,-0.8079999999999998,1.5951,-0.030999999999999694
8.952,-1.6006999999999998,-1.7271,-2.2029999999999994,-0.8079999999999998,1.5951,-0.030999999999999694
8.962,-1.6006999999999998,-1.7271,-2.2029999999999994,-0.8079999999999998,1.5951,-0.030999999999999694
8.972,-1.6006999999999998,-1.7271,-2.2029999999999994,-0.8079999999999998,1.5951,-0.030999999999999694
8.982,-1.6006999999999998,-1.7271,-2.2029999999999994,-0.8079999999999998,1.5951,-0.030999999999999694
8.99,-1.6006999999999998,-1.7271,-2.2029999999999994,-0.8079999999999998,1.5951,-0.030999999999999694
9.0,-1.6006999999999998,-1.7271,-2.2029999999999994,-0.8079999999999998,1.5951,-0.030999999999999694
9.01,-1.6006999999999998,-1.7271,-2.2029999999999994,-0.8079999999999998,1.5951,-0.030999999999999694
9.02,-1.6006999999999998,-1.7271,-2.2029999999999994,-0.8079999999999998,1.5951,-0.030999999999999694
9.03,-1.6006999999999998,-1.7271,-2.2029999999999994,-0.8079999999999998,1.5951,-0.030999999999999694
9.04,-1.6006999999999998,-1.7271,-2.2029999999999994,-0.8079999999999998,1.5951,-0.030999999999999694
9.049999999999999,-1.6006999999999998,-1.7271,-2.2029999999999994,-0.8079999999999998,1.5951,-0.030999999999999694
9.059999999999999,-1.6006999999999998,-1.7271,-2.2029999999999994,-0.8079999999999998,1.5951,-0.030999999999999694
9.07,-1.6006999999999998,-1.7271,-2.2029999999999994,-0.8079999999999998,1.5951,-0.030999999999999694
9.078,-1.6006999999999998,-1.7271,-2.2029999999999994,-0.8079999999999998,1.5951,-0.030999999999999694
9.088,-1.6006999999999998,-1.7271,-2.2029999999999994,-0.8079999999999998,1.5951,-0.030999999999999694
9.097999999999999,-1.6006999999999998,-1.7271,-2.2029999999999994,-0.8079999999999998,1.5951,-0.030999999999999694
9.107999999999999,-1.6006999999999998,-1.7271,-2.2029999999999994,-0.8079999999999998,1.5951,-0.030999999999999694
9.118,-1.6006999999999998,-1.7271,-2.2029999999999994,-0.8079999999999998,1.5951,-0.030999999999999694
9.128,-1.6006999999999998,-1.7271,-2.2029999999999994,-0.8079999999999998,1.5951,-0.030999999999999694
9.138,-1.6006999999999998,-1.7271,-2.2029999999999994,-0.8079999999999998,1.5951,-0.030999999999999694
9.148,-1.6006999999999998,-1.7271,-2.2029999999999994,-0.8079999999999998,1.5951,-0.030999999999999694
9.158,-1.6006999999999998,-1.7271,-2.2029999999999994,-0.8079999999999998,1.5951,-0.030999999999999694
9.166,-1.6006999999999998,-1.7271,-2.2029999999999994,-0.8079999999999998,1.5951,-0.030999999999999694
9.176,-1.6006999999999998,-1.7271,-2.2029999999999994,-0.8079999999999998,1.5951,-0.030999999999999694
9.186,-1.6006999999999998,-1.7271,-2.2029999999999994,-0.8079999999999998,1.5951,-0.030999999999999694
9.196,-1.6006999999999998,-1.7271,-2.2029999999999994,-0.8079999999999998,1.5951,-0.030999999999999694
9.206,-1.6006999999999998,-1.7271,-2.2029999999999994,-0.8079999999999998,1.5951,-0.030999999999999694
9.216,-1.6006999999999998,-1.7271,-2.2029999999999994,-0.8079999999999998,1.5951,-0.030999999999999694
9.225999999999999,-1.6006999999999998,-1.7271,-2.2029999999999994,-0.8079999999999998,1.5951,-0.030999999999999694
9.235999999999999,-1.6006999999999998,-1.7271,-2.2029999999999994,-0.8079999999999998,1.5951,-0.030999999999999694
9.246,-1.6006999999999998,-1.7271,-2.2029999999999994,-0.8079999999999998,1.5951,-0.030999999999999694
9.254,-1.6006999999999998,-1.7271,-2.2029999999999994,-0.8079999999999998,1.5951,-0.030999999999999694
9.264,-1.6006999999999998,-1.7271,-2.2029999999999994,-0.8079999999999998,1.5951,-0.030999999999999694
9.274,-1.6006999999999998,-1.7271,-2.2029999999999994,-0.8079999999999998,1.5951,-0.030999999999999694
9.283999999999999,-1.6006999999999998,-1.7271,-2.2029999999999994,-0.8079999999999998,1.5951,-0.030999999999999694
9.293999999999999,-1.6006999999999998,-1.7271,-2.2029999999999994,-0.8079999999999998,1.5951,-0.030999999999999694
9.304,-1.6006999999999998,-1.7271,-2.2029999999999994,-0.8079999999999998,1.5951,-0.030999999999999694
9.314,-1.6006999999999998,-1.7271,-2.2029999999999994,-0.8079999999999998,1.5951,-0.030999999999999694
9.324,-1.6006999999999998,-1.7271,-2.2029999999999994,-0.8079999999999998,1.5951,-0.030999999999999694
9.334,-1.6006999999999998,-1.7271,-2.2029999999999994,-0.8079999999999998,1.5951,-0.030999999999999694
9.344,-1.6006999999999998,-1.7271,-2.2029999999999994,-0.8079999999999998,1.5951,-0.030999999999999694
9.354,-1.6006999999999998,-1.7271,-2.2029999999999994,-0.8079999999999998,1.5951,-0.030999999999999694
9.363999999999999,-1.6006999999999998,-1.7271,-2.2029999999999994,-0.8079999999999998,1.5951,-0.030999999999999694
9.373999999999999,-1.6006999999999998,-1.7271,-2.2029999999999994,-0.8079999999999998,1.5951,-0.030999999999999694
9.384,-1.6006999999999998,-1.7271,-2.2029999999999994,-0.8079999999999998,1.5951,-0.030999999999999694
9.394,-1.6006999999999998,-1.7271,-2.2029999999999994,-0.8079999999999998,1.5951,-0.030999999999999694
9.402,-1.6006999999999998,-1.7271,-2.2029999999999994,-0.8079999999999998,1.5951,-0.030999999999999694
9.414,-1.6006999999999998,-1.7271,-2.2029999999999994,-0.8079999999999998,1.5951,-0.030999999999999694
9.421999999999999,-1.6006999999999998,-1.7271,-2.2029999999999994,-0.8079999999999998,1.5951,-0.030999999999999694
9.432,-1.6006999999999998,-1.7271,-2.2029999999999994,-0.8079999999999998,1.5951,-0.030999999999999694
9.442,-1.6006999999999998,-1.7271,-2.2029999999999994,-0.8079999999999998,1.5951,-0.030999999999999694
9.452,-1.6006999999999998,-1.7271,-2.2029999999999994,-0.8079999999999998,1.5951,-0.030999999999999694
9.462,-1.6006999999999998,-1.7271,-2.2029999999999994,-0.8079999999999998,1.5951,-0.030999999999999694
9.472,-1.6006999999999998,-1.7271,-2.2029999999999994,-0.8079999999999998,1.5951,-0.030999999999999694
9.482,-1.6006999999999998,-1.7271,-2.2029999999999994,-0.8079999999999998,1.5951,-0.030999999999999694
9.491999999999999,-1.6006999999999998,-1.7271,-2.2029999999999994,-0.8079999999999998,1.5951,-0.030999999999999694
9.501999999999999,-1.6006999999999998,-1.7271,-2.2029999999999994,-0.8079999999999998,1.5951,-0.030999999999999694
9.512,-1.6006999999999998,-1.7271,-2.2029999999999994,-0.8079999999999998,1.5951,-0.030999999999999694
9.522,-1.6006999999999998,-1.7271,-2.2029999999999994,-0.8079999999999998,1.5951,-0.030999999999999694
9.532,-1.6006999999999998,-1.7271,-2.2029999999999994,-0.8079999999999998,1.5951,-0.030999999999999694
9.54,-1.6006999999999998,-1.7271,-2.2029999999999994,-0.8079999999999998,1.5951,-0.030999999999999694
9.549999999999999,-1.6006999999999998,-1.7271,-2.2029999999999994,-0.8079999999999998,1.5951,-0.030999999999999694
9.559999999999999,-1.6006999999999998,-1.7271,-2.2029999999999994,-0.8079999999999998,1.5951,-0.030999999999999694
9.57,-1.6006999999999998,-1.7271,-2.2029999999999994,-0.8079999999999998,1.5951,-0.030999999999999694
9.58,-1.6006999999999998,-1.7271,-2.2029999999999994,-0.8079999999999998,1.5951,-0.030999999999999694
9.59,-1.6006999999999998,-1.7271,-2.2029999999999994,-0.8079999999999998,1.5951,-0.030999999999999694
9.6,-1.6006999999999998,-1.7271,-2.2029999999999994,-0.8079999999999998,1.5951,-0.030999999999999694
9.61,-1.6006999999999998,-1.7271,-2.2029999999999994,-0.8079999999999998,1.5951,-0.030999999999999694
9.62,-1.6006999999999998,-1.7271,-2.2029999999999994,-0.8079999999999998,1.5951,-0.030999999999999694
9.629999999999999,-1.6006999999999998,-1.7271,-2.2029999999999994,-0.8079999999999998,1.5951,-0.030999999999999694
9.638,-1.6006999999999998,-1.7271,-2.2029999999999994,-0.8079999999999998,1.5951,-0.030999999999999694
9.648,-1.6006999999999998,-1.7271,-2.2029999999999994,-0.8079999999999998,1.5951,-0.030999999999999694
9.658,-1.6006999999999998,-1.7271,-2.2029999999999994,-0.8079999999999998,1.5951,-0.030999999999999694
9.668,-1.6006999999999998,-1.7271,-2.2029999999999994,-0.8079999999999998,1.5951,-0.030999999999999694
9.677999999999999,-1.6006999999999998,-1.7271,-2.2029999999999994,-0.8079999999999998,1.5951,-0.030999999999999694
9.687999999999999,-1.6006999999999998,-1.7271,-2.2029999999999994,-0.8079999999999998,1.5951,-0.030999999999999694
9.698,-1.6006999999999998,-1.7271,-2.2029999999999994,-0.8079999999999998,1.5951,-0.030999999999999694
9.708,-1.6006999999999998,-1.7271,-2.2029999999999994,-0.8079999999999998,1.5951,-0.030999999999999694
9.718,-1.6006999999999998,-1.7271,-2.2029999999999994,-0.8079999999999998,1.5951,-0.030999999999999694
9.728,-1.6006999999999998,-1.7271,-2.2029999999999994,-0.8079999999999998,1.5951,-0.030999999999999694
9.738,-1.6006999999999998,-1.7271,-2.2029999999999994,-0.8079999999999998,1.5951,-0.030999999999999694
9.746,-1.6006999999999998,-1.7271,-2.2029999999999994,-0.8079999999999998,1.5951,-0.030999999999999694
9.756,-1.6006999999999998,-1.7271,-2.2029999999999994,-0.8079999999999998,1.5951,-0.030999999999999694
9.766,-1.6006999999999998,-1.7271,-2.2029999999999994,-0.8079999999999998,1.5951,-0.030999999999999694
9.776,-1.6006999999999998,-1.7271,-2.2029999999999994,-0.8079999999999998,1.5951,-0.030999999999999694
9.786,-1.6006999999999998,-1.7271,-2.2029999999999994,-0.8079999999999998,1.5951,-0.030999999999999694
9.796,-1.6006999999999998,-1.7271,-2.2029999999999994,-0.8079999999999998,1.5951,-0.030999999999999694
9.806,-1.6006999999999998,-1.7271,-2.2029999999999994,-0.8079999999999998,1.5951,-0.030999999999999694
9.815999999999999,-1.6006999999999998,-1.7271,-2.2029999999999994,-0.8079999999999998,1.5951,-0.030999999999999694
9.825999999999999,-1.6006999999999998,-1.7271,-2.2029999999999994,-0.8079999999999998,1.5951,-0.030999999999999694
9.836,-1.6006999999999998,-1.7271,-2.2029999999999994,-0.8079999999999998,1.5951,-0.030999999999999694
9.846,-1.6006999999999998,-1.7271,-2.2029999999999994,-0.8079999999999998,1.5951,-0.030999999999999694
9.856,-1.6006999999999998,-1.7271,-2.2029999999999994,-0.8079999999999998,1.5951,-0.030999999999999694
9.866,-1.6006999999999998,-1.7271,-2.2029999999999994,-0.8079999999999998,1.5951,-0.030999999999999694
9.876,-1.6006999999999998,-1.7271,-2.2029999999999994,-0.8079999999999998,1.5951,-0.030999999999999694
9.884,-1.6006999999999998,-1.7271,-2.2029999999999994,-0.8079999999999998,1.5951,-0.030999999999999694
9.894,-1.6006999999999998,-1.7271,-2.2029999999999994,-0.8079999999999998,1.5951,-0.030999999999999694
9.904,-1.6006999999999998,-1.7271,-2.2029999999999994,-0.8079999999999998,1.5951,-0.030999999999999694
9.914,-1.6006999999999998,-1.7271,-2.2029999999999994,-0.8079999999999998,1.5951,-0.030999999999999694
9.924,-1.6006999999999998,-1.7271,-2.2029999999999994,-0.8079999999999998,1.5951,-0.030999999999999694
9.934,-1.6006999999999998,-1.7271,-2.2029999999999994,-0.8079999999999998,1.5951,-0.030999999999999694
9.943999999999999,-1.6006999999999998,-1.7271,-2.2029999999999994,-0.8079999999999998,1.5951,-0.030999999999999694
9.953999999999999,-1.6006999999999998,-1.7271,-2.2029999999999994,-0.8079999999999998,1.5951,-0.030999999999999694
9.964,-1.6006999999999998,-1.7271,-2.2029999999999994,-0.8079999999999998,1.5951,-0.030999999999999694
9.974,-1.6006999999999998,-1.7271,-2.2029999999999994,-0.8079999999999998,1.5951,-0.030999999999999694
9.984,-1.6006999999999998,-1.7271,-2.2029999999999994,-0.8079999999999998,1.5951,-0.030999999999999694
9.994,-1.6006999999999998,-1.7271,-2.2029999999999994,-0.8079999999999998,1.5951,-0.030999999999999694
10.004,-1.6006999999999998,-1.7271,-2.2029999999999994,-0.8079999999999998,1.5951,-0.030999999999999694
10.014,-1.6006999999999998,-1.7271,-2.2029999999999994,-0.8079999999999998,1.5951,-0.030999999999999694
10.024,-1.6006999999999998,-1.7271,-2.2029999999999994,-0.8079999999999998,1.5951,-0.030999999999999694
10.033999999999999,-1.6006999999999998,-1.7271,-2.2029999999999994,-0.8079999999999998,1.5951,-0.030999999999999694
10.043999999999999,-1.6006999999999998,-1.7271,-2.2029999999999994,-0.8079999999999998,1.5951,-0.030999999999999694
10.054,-1.6006999999999998,-1.7271,-2.2029999999999994,-0.8079999999999998,1.5951,-0.030999999999999694
10.064,-1.6006999999999998,-1.7271,-2.2029999999999994,-0.8079999999999998,1.5951,-0.030999999999999694
10.072,-1.6006999999999998,-1.7271,-2.2029999999999994,-0.8079999999999998,1.5951,-0.030999999999999694
10.081999999999999,-1.6006999999999998,-1.7271,-2.2029999999999994,-0.8079999999999998,1.5951,-0.030999999999999694
10.091999999999999,-1.6006999999999998,-1.7271,-2.2029999999999994,-0.8079999999999998,1.5951,-0.030999999999999694
10.102,-1.6006999999999998,-1.7271,-2.2029999999999994,-0.8079999999999998,1.5951,-0.030999999999999694
10.112,-1.6006999999999998,-1.7271,-2.2029999999999994,-0.8079999999999998,1.5951,-0.030999999999999694
10.122,-1.6006999999999998,-1.7271,-2.2029999999999994,-0.8079999999999998,1.5951,-0.030999999999999694
10.132,-1.6006999999999998,-1.7271,-2.2029999999999994,-0.8079999999999998,1.5951,-0.030999999999999694
10.142,-1.6006999999999998,-1.7271,-2.2029999999999994,-0.8079999999999998,1.5951,-0.030999999999999694
10.152,-1.6006999999999998,-1.7271,-2.2029999999999994,-0.8079999999999998,1.5951,-0.030999999999999694
10.161999999999999,-1.6006999999999998,-1.7271,-2.2029999999999994,-0.8079999999999998,1.5951,-0.030999999999999694
10.171999999999999,-1.6006999999999998,-1.7271,-2.2029999999999994,-0.8079999999999998,1.5951,-0.030999999999999694
10.182,-1.6006999999999998,-1.7271,-2.2029999999999994,-0.8079999999999998,1.5951,-0.030999999999999694
10.192,-1.6006999999999998,-1.7271,-2.2029999999999994,-0.8079999999999998,1.5951,-0.030999999999999694
10.202,-1.6006999999999998,-1.7271,-2.2029999999999994,-0.8079999999999998,1.5951,-0.030999999999999694
10.212,-1.6006999999999998,-1.7271,-2.2029999999999994,-0.8079999999999998,1.5951,-0.030999999999999694
10.222,-1.6006999999999998,-1.7271,-2.2029999999999994,-0.8079999999999998,1.5951,-0.030999999999999694
10.232,-1.6006999999999998,-1.7271,-2.2029999999999994,-0.8079999999999998,1.5951,-0.030999999999999694
10.241999999999999,-1.6006999999999998,-1.7271,-2.2029999999999994,-0.8079999999999998,1.5951,-0.030999999999999694
10.251999999999999,-1.6006999999999998,-1.7271,-2.2029999999999994,-0.8079999999999998,1.5951,-0.030999999999999694
10.261999999999999,-1.6006999999999998,-1.7271,-2.2029999999999994,-0.8079999999999998,1.5951,-0.030999999999999694
10.272,-1.6006999999999998,-1.7271,-2.2029999999999994,-0.8079999999999998,1.5951,-0.030999999999999694
10.28,-1.6006999999999998,-1.7271,-2.2029999999999994,-0.8079999999999998,1.5951,-0.030999999999999694
10.29,-1.6006999999999998,-1.7271,-2.2029999999999994,-0.8079999999999998,1.5951,-0.030999999999999694
10.299999999999999,-1.6006999999999998,-1.7271,-2.2029999999999994,-0.8079999999999998,1.5951,-0.030999999999999694
10.309999999999999,-1.6006999999999998,-1.7271,-2.2029999999999994,-0.8079999999999998,1.5951,-0.030999999999999694
10.32,-1.6006999999999998,-1.7271,-2.2029999999999994,-0.8079999999999998,1.5951,-0.030999999999999694
10.33,-1.6006999999999998,-1.7271,-2.2029999999999994,-0.8079999999999998,1.5951,-0.030999999999999694
10.34,-1.6006999999999998,-1.7271,-2.2029999999999994,-0.8079999999999998,1.5951,-0.030999999999999694
10.35,-1.6006999999999998,-1.7271,-2.2029999999999994,-0.8079999999999998,1.5951,-0.030999999999999694
10.357999999999999,-1.6006999999999998,-1.7271,-2.2029999999999994,-0.8079999999999998,1.5951,-0.030999999999999694
10.368,-1.6006999999999998,-1.7271,-2.2029999999999994,-0.8079999999999998,1.5951,-0.030999999999999694
10.378,-1.6006999999999998,-1.7271,-2.2029999999999994,-0.8079999999999998,1.5951,-0.030999999999999694
10.388,-1.6006999999999998,-1.7271,-2.2029999999999994,-0.8079999999999998,1.5951,-0.030999999999999694
10.398,-1.6006999999999998,-1.7271,-2.2029999999999994,-0.8079999999999998,1.5951,-0.030999999999999694
10.408,-1.6006999999999998,-1.7271,-2.2029999999999994,-0.8079999999999998,1.5951,-0.030999999999999694
10.418,-1.6006999999999998,-1.7271,-2.2029999999999994,-0.8079999999999998,1.5951,-0.030999999999999694
10.427999999999999,-1.6006999999999998,-1.7271,-2.2029999999999994,-0.8079999999999998,1.5951,-0.030999999999999694
10.437999999999999,-1.6006999999999998,-1.7271,-2.2029999999999994,-0.8079999999999998,1.5951,-0.030999999999999694
10.448,-1.6006999999999998,-1.7271,-2.2029999999999994,-0.8079999999999998,1.5951,-0.030999999999999694
10.458,-1.6006999999999998,-1.7271,-2.2029999999999994,-0.8079999999999998,1.5951,-0.030999999999999694
10.466,-1.6006999999999998,-1.7271,-2.2029999999999994,-0.8079999999999998,1.5951,-0.030999999999999694
10.475999999999999,-1.6006999999999998,-1.7271,-2.2029999999999994,-0.8079999999999998,1.5951,-0.030999999999999694
10.485999999999999,-1.6006999999999998,-1.7271,-2.2029999999999994,-0.8079999999999998,1.5951,-0.030999999999999694
10.495999999999999,-1.6006999999999998,-1.7271,-2.2029999999999994,-0.8079999999999998,1.5951,-0.030999999999999694
10.506,-1.6006999999999998,-1.7271,-2.2029999999999994,-0.8079999999999998,1.5951,-0.030999999999999694
10.516,-1.6006999999999998,-1.7271,-2.2029999999999994,-0.8079999999999998,1.5951,-0.030999999999999694
10.526,-1.6006999999999998,-1.7271,-2.2029999999999994,-0.8079999999999998,1.5951,-0.030999999999999694
10.536,-1.6006999999999998,-1.7271,-2.2029999999999994,-0.8079999999999998,1.5951,-0.030999999999999694
10.543999999999999,-1.6006999999999998,-1.7271,-2.2029999999999994,-0.8079999999999998,1.5951,-0.030999999999999694
10.554,-1.6006999999999998,-1.7271,-2.2029999999999994,-0.8079999999999998,1.5951,-0.030999999999999694
10.564,-1.6006999999999998,-1.7271,-2.2029999999999994,-0.8079999999999998,1.5951,-0.030999999999999694
10.574,-1.6006999999999998,-1.7271,-2.2029999999999994,-0.8079999999999998,1.5951,-0.030999999999999694
10.584,-1.6006999999999998,-1.7271,-2.2029999999999994,-0.8079999999999998,1.5951,-0.030999999999999694
10.594,-1.6006999999999998,-1.7271,-2.2029999999999994,-0.8079999999999998,1.5951,-0.030999999999999694
10.604,-1.6006999999999998,-1.7271,-2.2029999999999994,-0.8079999999999998,1.5951,-0.030999999999999694
10.613999999999999,-1.6006999999999998,-1.7271,-2.2029999999999994,-0.8079999999999998,1.5951,-0.030999999999999694
10.623999999999999,-1.6006999999999998,-1.7271,-2.2029999999999994,-0.8079999999999998,1.5951,-0.030999999999999694
10.632,-1.6006999999999998,-1.7271,-2.2029999999999994,-0.8079999999999998,1.5951,-0.030999999999999694
10.642,-1.6006999999999998,-1.7271,-2.2029999999999994,-0.8079999999999998,1.5951,-0.030999999999999694
10.652,-1.6006999999999998,-1.7271,-2.2029999999999994,-0.8079999999999998,1.5951,-0.030999999999999694
10.661999999999999,-1.6006999999999998,-1.7271,-2.2029999999999994,-0.8079999999999998,1.5951,-0.030999999999999694
10.671999999999999,-1.6006999999999998,-1.7271,-2.2029999999999994,-0.8079999999999998,1.5951,-0.030999999999999694
10.682,-1.6006999999999998,-1.7271,-2.2029999999999994,-0.8079999999999998,1.5951,-0.030999999999999694
10.692,-1.6006999999999998,-1.7271,-2.2029999999999994,-0.8079999999999998,1.5951,-0.030999999999999694
10.702,-1.6006999999999998,-1.7271,-2.2029999999999994,-0.8079999999999998,1.5951,-0.030999999999999694
10.712,-1.6006999999999998,-1.7271,-2.2029999999999994,-0.8079999999999998,1.5951,-0.030999999999999694
10.719999999999999,-1.6006999999999998,-1.7271,-2.2029999999999994,-0.8079999999999998,1.5951,-0.030999999999999694
10.729999999999999,-1.6006999999999998,-1.7271,-2.2029999999999994,-0.8079999999999998,1.5951,-0.030999999999999694
10.74,-1.6006999999999998,-1.7271,-2.2029999999999994,-0.8079999999999998,1.5951,-0.030999999999999694
10.75,-1.6006999999999998,-1.7271,-2.2029999999999994,-0.8079999999999998,1.5951,-0.030999999999999694
10.76,-1.6006999999999998,-1.7271,-2.2029999999999994,-0.8079999999999998,1.5951,-0.030999999999999694
10.77,-1.6006999999999998,-1.7271,-2.2029999999999994,-0.8079999999999998,1.5951,-0.030999999999999694
10.78,-1.6006999999999998,-1.7271,-2.2029999999999994,-0.8079999999999998,1.5951,-0.030999999999999694
10.79,-1.6006999999999998,-1.7271,-2.2029999999999994,-0.8079999999999998,1.5951,-0.030999999999999694
10.799999999999999,-1.6006999999999998,-1.7271,-2.2029999999999994,-0.8079999999999998,1.5951,-0.030999999999999694
10.809999999999999,-1.6006999999999998,-1.7271,-2.2029999999999994,-0.8079999999999998,1.5951,-0.030999999999999694
10.818,-1.6006999999999998,-1.7271,-2.2029999999999994,-0.8079999999999998,1.5951,-0.030999999999999694
10.828,-1.6006999999999998,-1.7271,-2.2029999999999994,-0.8079999999999998,1.5951,-0.030999999999999694
10.838,-1.6006999999999998,-1.7271,-2.2029999999999994,-0.8079999999999998,1.5951,-0.030999999999999694
10.847999999999999,-1.6006999999999998,-1.7271,-2.2029999999999994,-0.8079999999999998,1.5951,-0.030999999999999694
10.857999999999999,-1.6006999999999998,-1.7271,-2.2029999999999994,-0.8079999999999998,1.5951,-0.030999999999999694
10.868,-1.6006999999999998,-1.7271,-2.2029999999999994,-0.8079999999999998,1.5951,-0.030999999999999694
10.878,-1.6006999999999998,-1.7271,-2.2029999999999994,-0.8079999999999998,1.5951,-0.030999999999999694
10.888,-1.6006999999999998,-1.7271,-2.2029999999999994,-0.8079999999999998,1.5951,-0.030999999999999694
10.898,-1.6006999999999998,-1.7271,-2.2029999999999994,-0.8079999999999998,1.5951,-0.030999999999999694
10.905999999999999,-1.6006999999999998,-1.7271,-2.2029999999999994,-0.8079999999999998,1.5951,-0.030999999999999694
10.916,-1.6006999999999998,-1.7271,-2.2029999999999994,-0.8079999999999998,1.5951,-0.030999999999999694
10.926,-1.6006999999999998,-1.7271,-2.2029999999999994,-0.8079999999999998,1.5951,-0.030999999999999694
10.936,-1.6006999999999998,-1.7271,-2.2029999999999994,-0.8079999999999998,1.5951,-0.030999999999999694
10.946,-1.6006999999999998,-1.7271,-2.2029999999999994,-0.8079999999999998,1.5951,-0.030999999999999694
10.956,-1.6006999999999998,-1.7271,-2.2029999999999994,-0.8079999999999998,1.5951,-0.030999999999999694
10.963999999999999,-1.6006999999999998,-1.7271,-2.2029999999999994,-0.8079999999999998,1.5951,-0.030999999999999694
10.974,-1.6006999999999998,-1.7271,-2.2029999999999994,-0.8079999999999998,1.5951,-0.030999999999999694
10.984,-1.6006999999999998,-1.7271,-2.2029999999999994,-0.8079999999999998,1.5951,-0.030999999999999694
10.994,-1.6006999999999998,-1.7271,-2.2029999999999994,-0.8079999999999998,1.5951,-0.030999999999999694
11.004,-1.6006999999999998,-1.7271,-2.2029999999999994,-0.8079999999999998,1.5951,-0.030999999999999694
11.014,-1.6006999999999998,-1.7271,-2.2029999999999994,-0.8079999999999998,1.5951,-0.030999999999999694
11.024,-1.6006999999999998,-1.7271,-2.2029999999999994,-0.8079999999999998,1.5951,-0.030999999999999694
11.033999999999999,-1.6006999999999998,-1.7271,-2.2029999999999994,-0.8079999999999998,1.5951,-0.030999999999999694
11.043999999999999,-1.6006999999999998,-1.7271,-2.2029999999999994,-0.8079999999999998,1.5951,-0.030999999999999694
11.054,-1.6006999999999998,-1.7271,-2.2029999999999994,-0.8079999999999998,1.5951,-0.030999999999999694
11.064,-1.6006999999999998,-1.7271,-2.2029999999999994,-0.8079999999999998,1.5951,-0.030999999999999694
11.072,-1.6006999999999998,-1.7271,-2.2029999999999994,-0.8079999999999998,1.5951,-0.030999999999999694
